,0
고백,장범준
좋아좋아,조정석
Weekend,태연 (TAEYEON)
Permission to Dance,방탄소년단
바라만 본다,MSG워너비(M.O.M)
Next Level,aespa
신호등,이무진
Bad Habits,Ed Sheeran(에드 시런)
Butter,방탄소년단
Alcohol-Free,TWICE (트와이스)
넌 좋은 사람,SG워너비
뚫고 지나가요,DAY6 (Even of Day)
치맛바람 (Chi Mat Ba Ram),브레이브걸스(Brave Girls)
하루만 더,빅마마(Big Mama)
Dun Dun Dance,오마이걸(OH MY GIRL)
난 너를 사랑해,MSG워너비
헤픈 우연,헤이즈(Heize)
비와 당신,이무진
나를 아는 사람,MSG워너비(정상동기)
Stay,The Kid LAROI
안녕 (Hello),조이 (JOY)
"Peaches (feat. Daniel Caesar, Giveon)",Justin Bieber(저스틴 비버)
ASAP,STAYC(스테이씨)
롤린 (Rollin'),브레이브걸스(Brave Girls)
비 오는 날 듣기 좋은 노래 (Feat. Colde),에픽하이 (EPIK HIGH)
Dynamite,방탄소년단
상상더하기,라붐(LABOUM)
마.피.아. In the morning,ITZY (있지)
밤이 되니까,원슈타인
가을 우체국 앞에서,정동원
추적이는 여름 비가 되어,장범준
라일락,아이유(IU)
운전만해 (We Ride),브레이브걸스(Brave Girls)
한여름밤의 꿀 : 다시 여름,San E(산이)
러브 (Prod. 로코베리),로꼬
해야 해,2PM
다시 사랑할 수 있을까,백지영
삠삠 (BEAM BEAM),전소연
Timeless,SG워너비
OHAYO MY NIGHT,디핵(D-Hack)
"사이렌 Remix (Feat. UNEDUCATED KID, Paul Blanco)",호미들
벌써 일년,브라운 아이즈(Brown Eyes)
Black Mamba,aespa
Celebrity,아이유(IU)
나는 너 좋아,장범준
Kiss Me More (feat. SZA),Doja Cat(도자 캣)
Off My Face,Justin Bieber(저스틴 비버)
Loving You Girl (feat. Hkeem),Peder Elias
Save Your Tears (Remix),The Weeknd(위켄드)
Hello Future,NCT DREAM
Leave Before You Love Me,Marshmello(마시멜로)
WE GO,프로미스나인
어푸 (Ah puh),아이유(IU)
내 손을 잡아,아이유(IU)
밝게 빛나는 별이 되어 비춰줄게,송이한
라라라,SG워너비
Blueming,아이유(IU)
내 입술 따뜻한 커피처럼,청하
On The Ground,로제(ROSÉ)
작은 것들을 위한 시 (Boy With Luv) (Feat. Halsey),방탄소년단
좋을텐데 (If Only) (Feat. 폴킴),조이 (JOY)
Beautiful Mistakes,Maroon 5(마룬 파이브)
"모든 날, 모든 순간 (Every day, Every Moment)",폴킴(Paul Kim)
"LOVE DAY (2021) (바른연애 길잡이 X 양요섭, 정은지)",양요섭
흔들리는 꽃들 속에서 네 샴푸향이 느껴진거야,장범준
Lovesick Girls,BLACKPINK
parachute,John K
Ready to love,세븐틴(SEVENTEEN)
Savage Love (Laxed - Siren Beat) (BTS Remix),Jawsh 685
Coin,아이유(IU)
멜로디,ASH ISLAND
2002,Anne-Marie(앤 마리)
Way Back Home (2021),런치
Life Goes On,방탄소년단
"어떻게 이별까지 사랑하겠어, 널 사랑하는 거지",AKMU (악동뮤지션)
에잇(Prod.&Feat. SUGA of BTS),아이유(IU)
허리춤,오반 (OVAN)
아로아로,라붐(LABOUM)
Dolphin,오마이걸(OH MY GIRL)
다정히 내 이름을 부르면,경서예지
At My Worst,Pink Sweat$
사랑하지 말걸 그랬나 봐요,딘딘 (DINDIN)
서울의 잠 못 이루는 밤 (Feat. 이수현),10CM
내사람: Partner For Life,SG워너비
Leave The Door Open,Bruno Mars(브루노 마스)
해바라기,SG워너비
우리집,2PM
밤편지,아이유(IU)
그냥 안아달란 말야,다비치
잠이 오질 않네요,장범준
"Rainy day (Feat. ASH ISLAND, Skinny Brown)",PATEKO (파테코)
별빛 같은 나의 사랑아,임영웅
밤하늘의 별을(2020),경서
한잔의 인생,임영웅
바보같은 사람,정동원
Tiny Riot,Sam Ryder
잡아줄게 (Prod. GroovyRoom),ASH ISLAND
PTT (Paint The Town),이달의 소녀
